case,index,input,expected,actual,saturated,latency_cycles
multiplier_corner,0,0,0,0,0,13
multiplier_corner,1,1,0,0,0,13
multiplier_corner,2,-1,0,0,0,13
multiplier_corner,3,2147483647,0,0,0,13
multiplier_corner,4,-2147483648,0,0,0,13
multiplier_corner,5,305419896,0,0,0,13
multiplier_corner,6,-19088744,0,0,0,13
multiplier_corner,7,1073741825,0,0,0,13
multiplier_corner,8,0,0,0,0,13
multiplier_corner,9,1,0,0,0,13
multiplier_corner,10,-1,-1,-1,0,13
multiplier_corner,11,2147483647,1,1,0,13
multiplier_corner,12,-2147483648,-2,-2,0,13
multiplier_corner,13,305419896,0,0,0,13
multiplier_corner,14,-19088744,-1,-1,0,13
multiplier_corner,15,1073741825,1,1,0,13
multiplier_corner,16,0,0,0,0,13
multiplier_corner,17,1,-1,-1,0,13
multiplier_corner,18,-1,0,0,0,13
multiplier_corner,19,2147483647,-2,-2,0,13
multiplier_corner,20,-2147483648,2,2,0,13
multiplier_corner,21,305419896,-1,-1,0,13
multiplier_corner,22,-19088744,0,0,0,13
multiplier_corner,23,1073741825,-2,-2,0,13
multiplier_corner,24,0,0,0,0,13
multiplier_corner,25,1,0,0,0,13
multiplier_corner,26,-1,-1,-1,0,13
multiplier_corner,27,2147483647,1073741823,1073741823,0,13
multiplier_corner,28,-2147483648,-1073741824,-1073741824,0,13
multiplier_corner,29,305419896,152709948,152709948,0,13
multiplier_corner,30,-19088744,-9544372,-9544372,0,13
multiplier_corner,31,1073741825,536870912,536870912,0,13
multiplier_corner,32,0,0,0,0,13
multiplier_corner,33,1,-1,-1,0,13
multiplier_corner,34,-1,0,0,0,13
multiplier_corner,35,2147483647,-1073741824,-1073741824,0,13
multiplier_corner,36,-2147483648,1073741824,1073741824,0,13
multiplier_corner,37,305419896,-152709948,-152709948,0,13
multiplier_corner,38,-19088744,9544372,9544372,0,13
multiplier_corner,39,1073741825,-536870913,-536870913,0,13
multiplier_corner,40,0,0,0,0,13
multiplier_corner,41,1,1,1,0,13
multiplier_corner,42,-1,-2,-2,0,13
multiplier_corner,43,2147483647,2147483647,2147483647,1,13
multiplier_corner,44,-2147483648,-2147483648,-2147483648,1,13
multiplier_corner,45,305419896,610839791,610839791,0,13
multiplier_corner,46,-19088744,-38177488,-38177488,0,13
multiplier_corner,47,1073741825,2147483647,2147483647,1,13
multiplier_corner,48,0,0,0,0,13
multiplier_corner,49,1,-2,-2,0,13
multiplier_corner,50,-1,2,2,0,13
multiplier_corner,51,2147483647,-2147483648,-2147483648,1,13
multiplier_corner,52,-2147483648,2147483647,2147483647,1,13
multiplier_corner,53,305419896,-610839792,-610839792,0,13
multiplier_corner,54,-19088744,38177488,38177488,0,13
multiplier_corner,55,1073741825,-2147483648,-2147483648,1,13
multiplier_corner,56,0,0,0,0,13
multiplier_corner,57,1,0,0,0,13
multiplier_corner,58,-1,-1,-1,0,13
multiplier_corner,59,2147483647,610839791,610839791,0,13
multiplier_corner,60,-2147483648,-610839792,-610839792,0,13
multiplier_corner,61,305419896,86874992,86874992,0,13
multiplier_corner,62,-19088744,-5429688,-5429688,0,13
multiplier_corner,63,1073741825,305419896,305419896,0,13
continuous_prbs,64,-172008,-86004,-86004,0,13
continuous_prbs,65,-344016,-86004,-86004,0,13
continuous_prbs,66,-688031,-247261,-247261,0,13
continuous_prbs,67,721091,610494,610494,0,13
continuous_prbs,68,-654970,-905056,-905056,0,13
continuous_prbs,69,787213,1223526,1223526,0,13
continuous_prbs,70,-522725,-1267616,-1267616,0,13
continuous_prbs,71,-1045450,478382,478382,0,13
continuous_prbs,72,6253,-188431,-188431,0,13
continuous_prbs,73,12507,-5982,-5982,0,13
continuous_prbs,74,25014,88104,88104,0,13
continuous_prbs,75,50029,6982,6982,0,13
continuous_prbs,76,100058,45599,45599,0,13
continuous_prbs,77,200116,55883,55883,0,13
continuous_prbs,78,400233,135126,135126,0,13
continuous_prbs,79,800467,258021,258021,0,13
continuous_prbs,80,-496217,-524348,-524348,0,13
continuous_prbs,81,-992434,-5154,-5154,0,13
continuous_prbs,82,112285,123811,123811,0,13
continuous_prbs,83,224571,-114728,-114728,0,13
continuous_prbs,84,449142,336962,336962,0,13
continuous_prbs,85,898285,216501,216501,0,13
continuous_prbs,86,-300581,-407768,-407768,0,13
continuous_prbs,87,-601162,88509,88509,0,13
continuous_prbs,88,894828,398789,398789,0,13
continuous_prbs,89,-307495,-665174,-665174,0,13
continuous_prbs,90,-614989,317278,317278,0,13
continuous_prbs,91,867175,288090,288090,0,13
continuous_prbs,92,-362802,-612692,-612692,0,13
continuous_prbs,93,-725604,236270,236270,0,13
continuous_prbs,94,645945,242317,242317,0,13
continuous_prbs,95,-805262,-773664,-773664,0,13
continuous_prbs,96,486629,1006413,1006413,0,13
continuous_prbs,97,973258,-341372,-341372,0,13
continuous_prbs,98,-150636,41523,41523,0,13
continuous_prbs,99,-301271,-27615,-27615,0,13
continuous_prbs,100,-602542,-314181,-314181,0,13
continuous_prbs,101,892069,687997,687997,0,13
continuous_prbs,102,-313013,-813555,-813555,0,13
continuous_prbs,103,-626026,411726,411726,0,13
continuous_prbs,104,845101,219922,219922,0,13
continuous_prbs,105,-406949,-590435,-590435,0,13
continuous_prbs,106,-813898,184551,184551,0,13
continuous_prbs,107,469357,198828,198828,0,13
continuous_prbs,108,938714,151006,151006,0,13
continuous_prbs,109,-219723,-267236,-267236,0,13
continuous_prbs,110,-439446,111940,111940,0,13
continuous_prbs,111,-878891,-517751,-517751,0,13
continuous_prbs,112,339371,577006,577006,0,13
continuous_prbs,113,678743,-168652,-168652,0,13
continuous_prbs,114,-739665,-283009,-283009,0,13
continuous_prbs,115,617823,727158,727158,0,13
continuous_prbs,116,-861505,-1138821,-1138821,0,13
continuous_prbs,117,374143,1150337,1150337,0,13
continuous_prbs,118,748286,-534149,-534149,0,13
continuous_prbs,119,-600579,-31168,-31168,0,13
continuous_prbs,120,895995,682645,682645,0,13
continuous_prbs,121,-305162,-873433,-873433,0,13
continuous_prbs,122,-610324,413981,413981,0,13
continuous_prbs,123,876504,223493,223493,0,13
continuous_prbs,124,-344143,-564733,-564733,0,13
continuous_prbs,125,-688285,223573,223573,0,13
continuous_prbs,126,720582,282345,282345,0,13
continuous_prbs,127,-655988,-734610,-734610,0,13
continuous_prbs,128,785177,1109737,1109737,0,13
continuous_prbs,129,-526798,-1198818,-1198818,0,13
continuous_prbs,130,1043557,1481955,1481955,0,13
continuous_prbs,131,-10037,-1215899,-1215899,0,13
continuous_prbs,132,-20074,884611,884611,0,13
continuous_prbs,133,-40147,-611262,-611262,0,13
continuous_prbs,134,-80293,310530,310530,0,13
continuous_prbs,135,-160585,-267039,-267039,0,13
continuous_prbs,136,-321170,28359,28359,0,13
continuous_prbs,137,-642339,-290719,-290719,0,13
continuous_prbs,138,812474,679809,679809,0,13
continuous_prbs,139,-472203,-869283,-869283,0,13
continuous_prbs,140,-944405,308751,308751,0,13
continuous_prbs,141,208342,10376,10376,0,13
continuous_prbs,142,416684,43467,43467,0,13
continuous_prbs,143,833369,401697,401697,0,13
continuous_prbs,144,-430414,-545232,-545232,0,13
continuous_prbs,145,-860828,71051,71051,0,13
continuous_prbs,146,375496,187761,187761,0,13
continuous_prbs,147,750992,69297,69297,0,13
continuous_prbs,148,-595167,-376023,-376023,0,13
continuous_prbs,149,906818,908340,908340,0,13
continuous_prbs,150,-283516,-1002900,-1002900,0,13
continuous_prbs,151,-567031,511672,511672,0,13
continuous_prbs,152,963091,199899,199899,0,13
continuous_prbs,153,-170969,-476297,-476297,0,13
continuous_prbs,154,-341938,316878,316878,0,13
continuous_prbs,155,-683876,-528091,-528091,0,13
continuous_prbs,156,729400,758441,758441,0,13
continuous_prbs,157,-638352,-996355,-996355,0,13
continuous_prbs,158,820448,1294340,1294340,0,13
continuous_prbs,159,-456255,-1282091,-1282091,0,13
continuous_prbs,160,-912510,544334,544334,0,13
continuous_prbs,161,272132,-115604,-115604,0,13
continuous_prbs,162,544264,176060,176060,0,13
continuous_prbs,163,-1008623,-618801,-618801,0,13
continuous_prbs,164,79907,704169,704169,0,13
continuous_prbs,165,159814,-534643,-534643,0,13
continuous_prbs,166,319628,506295,506295,0,13
continuous_prbs,167,639257,-7682,-7682,0,13
continuous_prbs,168,-818637,-490488,-490488,0,13
continuous_prbs,169,459879,746807,746807,0,13
continuous_prbs,170,919759,-244675,-244675,0,13
continuous_prbs,171,-257633,-71252,-71252,0,13
continuous_prbs,172,-515265,-48013,-48013,0,13
continuous_prbs,173,-1030529,-483030,-483030,0,13
continuous_prbs,174,36095,427092,427092,0,13
continuous_prbs,175,72190,-334816,-334816,0,13
continuous_prbs,176,144381,350239,350239,0,13
continuous_prbs,177,288763,-52331,-52331,0,13
continuous_prbs,178,577526,285337,285337,0,13
continuous_prbs,179,-942099,-733245,-733245,0,13
continuous_prbs,180,212954,790299,790299,0,13
continuous_prbs,181,425908,-481684,-481684,0,13
continuous_prbs,182,851816,702229,702229,0,13
continuous_prbs,183,-393519,-721495,-721495,0,13
continuous_prbs,184,-787038,212023,212023,0,13
continuous_prbs,185,523077,164739,164739,0,13
continuous_prbs,186,1046154,209765,209765,0,13
continuous_prbs,187,-4843,-210681,-210681,0,13
continuous_prbs,188,-9685,261722,261722,0,13
continuous_prbs,189,-19369,-242909,-242909,0,13
continuous_prbs,190,-38737,92689,92689,0,13
continuous_prbs,191,-77474,-97736,-97736,0,13
continuous_prbs,192,-154948,-4483,-4483,0,13
continuous_prbs,193,-309895,-128258,-128258,0,13
continuous_prbs,194,-619790,-185125,-185125,0,13
continuous_prbs,195,857573,633631,633631,0,13
continuous_prbs,196,-382005,-802336,-802336,0,13
continuous_prbs,197,-764010,344472,344472,0,13
continuous_prbs,198,569132,142359,142359,0,13
continuous_prbs,199,-958888,-778506,-778506,0,13
continuous_prbs,200,179377,877947,877947,0,13
continuous_prbs,201,358755,-524450,-524450,0,13
continuous_prbs,202,717511,678440,678440,0,13
continuous_prbs,203,-662129,-822903,-822903,0,13
continuous_prbs,204,772895,1092588,1092588,0,13
continuous_prbs,205,-551362,-1239151,-1239151,0,13
continuous_prbs,206,994428,1477757,1477757,0,13
continuous_prbs,207,-108295,-1254131,-1254131,0,13
continuous_prbs,208,-216590,825542,825542,0,13
continuous_prbs,209,-433179,-742258,-742258,0,13
continuous_prbs,210,-866358,55792,55792,0,13
continuous_prbs,211,364437,267555,267555,0,13
continuous_prbs,212,728874,51807,51807,0,13
continuous_prbs,213,-639403,-376620,-376620,0,13
continuous_prbs,214,818347,869522,869522,0,13
continuous_prbs,215,-460458,-1055766,-1055766,0,13
continuous_prbs,216,-920915,392896,392896,0,13
continuous_prbs,217,255323,-28944,-28944,0,13
continuous_prbs,218,510647,109239,109239,0,13
continuous_prbs,219,1021295,442616,442616,0,13
continuous_prbs,220,-54561,-409710,-409710,0,13
continuous_prbs,221,-109121,308319,308319,0,13
continuous_prbs,222,-218242,-365460,-365460,0,13
continuous_prbs,223,-436484,-1350,-1350,0,13
continuous_prbs,224,-872967,-378338,-378338,0,13
continuous_prbs,225,351219,538388,538388,0,13
continuous_prbs,226,702439,-125974,-125974,0,13
continuous_prbs,227,-692273,-290188,-290188,0,13
continuous_prbs,228,712607,770764,770764,0,13
continuous_prbs,229,-671937,-1085161,-1085161,0,13
continuous_prbs,230,753278,1279073,1279073,0,13
continuous_prbs,231,-590596,-1338424,-1338424,0,13
continuous_prbs,232,915961,1514078,1514078,0,13
continuous_prbs,233,-265229,-1343674,-1343674,0,13
continuous_prbs,234,-530457,745876,745876,0,13
continuous_prbs,235,1036238,87179,87179,0,13
continuous_prbs,236,-24675,-344968,-344968,0,13
continuous_prbs,237,-49349,360467,360467,0,13
continuous_prbs,238,-98697,-305228,-305228,0,13
continuous_prbs,239,-197394,71987,71987,0,13
continuous_prbs,240,-394788,-220557,-220557,0,13
continuous_prbs,241,-789576,-200540,-200540,0,13
continuous_prbs,242,518001,499134,499134,0,13
continuous_prbs,243,1036003,39639,39639,0,13
continuous_prbs,244,-25146,-107862,-107862,0,13
continuous_prbs,245,-50292,179258,179258,0,13
continuous_prbs,246,-100584,-227995,-227995,0,13
continuous_prbs,247,-201167,13853,13853,0,13
continuous_prbs,248,-402333,-187755,-187755,0,13
continuous_prbs,249,-804666,-226257,-226257,0,13
continuous_prbs,250,487821,502451,502451,0,13
continuous_prbs,251,975643,11853,11853,0,13
continuous_prbs,252,-145865,-142276,-142276,0,13
continuous_prbs,253,-291729,97415,97415,0,13
continuous_prbs,254,-583457,-383631,-383631,0,13
continuous_prbs,255,930239,746193,746193,0,13
continuous_prbs,256,-236674,-817166,-817166,0,13
continuous_prbs,257,-473348,479113,479113,0,13
continuous_prbs,258,-946696,-739852,-739852,0,13
continuous_prbs,259,203760,664063,664063,0,13
continuous_prbs,260,407520,-338598,-338598,0,13
continuous_prbs,261,815041,637875,637875,0,13
continuous_prbs,262,-467069,-706063,-706063,0,13
continuous_prbs,263,-934138,138314,138314,0,13
continuous_prbs,264,228877,83389,83389,0,13
continuous_prbs,265,457755,8468,8468,0,13
continuous_prbs,266,915511,459745,459745,0,13
continuous_prbs,267,-266130,-509643,-509643,0,13
continuous_prbs,268,-532260,189676,189676,0,13
continuous_prbs,269,1032632,395083,395083,0,13
continuous_prbs,270,-31888,-546189,-546189,0,13
continuous_prbs,271,-63776,478838,478838,0,13
continuous_prbs,272,-127551,-389587,-389587,0,13
continuous_prbs,273,-255102,99710,99710,0,13
continuous_prbs,274,-510203,-286908,-286908,0,13
continuous_prbs,275,-1020405,-258169,-258169,0,13
continuous_prbs,276,56343,337607,337607,0,13
continuous_prbs,277,112687,-254853,-254853,0,13
continuous_prbs,278,225374,334115,334115,0,13
continuous_prbs,279,450748,25501,25501,0,13
continuous_prbs,280,901497,375293,375293,0,13
continuous_prbs,281,-294157,-512143,-512143,0,13
continuous_prbs,282,-588313,158536,158536,0,13
continuous_prbs,283,920526,367546,367546,0,13
continuous_prbs,284,-256099,-623616,-623616,0,13
continuous_prbs,285,-512198,335547,335547,0,13
continuous_prbs,286,-1024395,-684025,-684025,0,13
continuous_prbs,287,48363,564218,564218,0,13
continuous_prbs,288,96727,-409376,-409376,0,13
continuous_prbs,289,193454,416217,416217,0,13
continuous_prbs,290,386909,-51445,-51445,0,13
continuous_prbs,291,773819,368565,368565,0,13
continuous_prbs,292,-549514,-616980,-616980,0,13
continuous_prbs,293,998124,1053751,1053751,0,13
continuous_prbs,294,-100904,-1022450,-1022450,0,13
continuous_prbs,295,-201808,681047,681047,0,13
continuous_prbs,296,-403616,-640049,-640049,0,13
continuous_prbs,297,-807232,18947,18947,0,13
continuous_prbs,298,482688,341069,341069,0,13
continuous_prbs,299,965377,107428,107428,0,13
continuous_prbs,300,-166397,-209047,-209047,0,13
continuous_prbs,301,-332794,121383,121383,0,13
continuous_prbs,302,-665588,-433459,-433459,0,13
continuous_prbs,303,765977,706788,706788,0,13
continuous_prbs,304,-565197,-933104,-933104,0,13
continuous_prbs,305,966758,1318736,1318736,0,13
continuous_prbs,306,-163635,-1171895,-1171895,0,13
continuous_prbs,307,-327270,726202,726202,0,13
continuous_prbs,308,-654539,-776756,-776756,0,13
continuous_prbs,309,788075,936334,936334,0,13
continuous_prbs,310,-521001,-1055321,-1055321,0,13
continuous_prbs,311,-1042002,382629,382629,0,13
continuous_prbs,312,13149,-117528,-117528,0,13
continuous_prbs,313,26299,-43989,-43989,0,13
continuous_prbs,314,52599,122366,122366,0,13
continuous_prbs,315,105198,9060,9060,0,13
continuous_prbs,316,210396,91391,91391,0,13
continuous_prbs,317,420792,121859,121859,0,13
continuous_prbs,318,841585,282837,282837,0,13
continuous_prbs,319,-413982,-504876,-504876,0,13
positive_saturation,320,2147483647,2147483647,2147483647,1,13
negative_saturation,321,-2147483648,-2147483648,-2147483648,1,13
